基準日,人口,男女,0歳,1歳,2歳,3歳,4歳,5歳,6歳,7歳,8歳,9歳,10歳,11歳,12歳,13歳,14歳,15歳,16歳,17歳,18歳,19歳,20歳,21歳,22歳,23歳,24歳,25歳,26歳,27歳,28歳,29歳,30歳,31歳,32歳,33歳,34歳,35歳,36歳,37歳,38歳,39歳,40歳,41歳,42歳,43歳,44歳,45歳,46歳,47歳,48歳,49歳,50歳,51歳,52歳,53歳,54歳,55歳,56歳,57歳,58歳,59歳,60歳,61歳,62歳,63歳,64歳,65歳,66歳,67歳,68歳,69歳,70歳,71歳,72歳,73歳,74歳,75歳,76歳,77歳,78歳,79歳,80歳,81歳,82歳,83歳,84歳,85歳,86歳,87歳,88歳,89歳,90歳,91歳,92歳,93歳,94歳,95歳,96歳,97歳,98歳,99歳,100歳,101歳,102歳,103歳,104歳,105歳以上
2019-10-01,総人口,男,2154,2414,2478,2547,2497,2406,2426,2361,2290,2266,2172,2099,2160,1987,2000,1983,1944,1957,1942,2038,2143,2071,2344,2723,2990,3190,3229,3324,3252,3279,3414,3567,3649,3684,3972,4114,4340,4333,4247,4171,4256,4415,4538,4641,4771,4955,5140,5005,4848,4726,4621,4418,4247,3452,3888,3561,3155,3090,2756,2712,2588,2622,2357,2347,2427,2416,2550,2688,2864,3052,3363,3411,3153,1819,1910,2308,2291,2149,2127,1853,1441,1450,1377,1269,1148,958,821,685,491,388,324,234,192,152,103,69,41,37,30,9,6,8,4,0,1,1
2019-10-01,総人口,女,2150,2277,2327,2408,2351,2312,2301,2268,2043,2175,2123,2044,2033,1878,1903,1828,1800,1828,1801,1967,2033,2121,2283,2676,2967,3050,3037,3107,3163,3379,3513,3608,3788,3780,3978,4109,4146,4111,4170,4182,4325,4318,4467,4363,4790,4880,5062,4885,4759,4577,4322,4095,3909,3062,3521,3253,2988,2784,2728,2613,2538,2457,2425,2509,2499,2573,2649,2765,2892,3300,3529,3752,3448,2062,2243,2847,2790,2849,2662,2469,1996,2089,2029,1953,1920,1565,1453,1242,1120,924,824,658,554,466,366,279,210,162,125,80,41,34,22,11,2,6
2019-11-01,総人口,男,2131,2428,2440,2550,2497,2404,2460,2333,2282,2301,2176,2095,2174,1993,1991,2010,1930,1958,1943,2049,2110,2111,2338,2709,3000,3159,3234,3373,3233,3343,3362,3604,3658,3667,3917,4129,4327,4325,4264,4185,4243,4378,4566,4602,4773,4922,5144,5030,4881,4737,4593,4438,4349,3332,3988,3573,3174,3102,2778,2711,2596,2628,2307,2402,2416,2428,2528,2685,2816,3002,3380,3385,3192,1927,1844,2290,2284,2131,2145,1879,1455,1431,1392,1260,1175,946,817,698,492,393,316,234,191,153,104,71,42,35,31,11,5,8,4,1,1,1
2019-11-01,総人口,女,2119,2271,2365,2391,2365,2314,2300,2235,2057,2193,2099,2081,2030,1887,1889,1850,1799,1826,1827,1982,2024,2093,2269,2722,2949,3076,3069,3091,3216,3327,3542,3619,3775,3760,3984,4120,4127,4185,4187,4117,4355,4280,4472,4430,4675,4900,5070,4923,4778,4585,4269,4140,3990,3013,3576,3277,2981,2828,2747,2584,2514,2495,2417,2483,2517,2563,2638,2766,2874,3239,3538,3686,3531,2160,2190,2768,2839,2842,2693,2474,2001,2056,2057,1935,1929,1580,1468,1248,1121,921,826,662,561,470,370,280,200,172,126,80,43,32,25,8,3,6
2019-12-01,総人口,男,2147,2384,2443,2574,2490,2379,2467,2352,2279,2288,2195,2080,2182,2042,1970,2006,1953,1943,1915,2062,2093,2141,2273,2746,2975,3198,3211,3411,3219,3339,3388,3617,3605,3691,3940,4117,4287,4304,4277,4138,4280,4391,4561,4594,4768,4879,5162,4994,4912,4738,4620,4457,4432,3266,4032,3596,3180,3124,2775,2725,2583,2663,2290,2396,2412,2430,2515,2676,2797,2980,3356,3371,3257,2008,1802,2225,2306,2128,2136,1899,1482,1394,1439,1238,1188,964,815,704,487,404,318,239,190,150,105,69,44,38,30,13,5,7,4,1,1,0
2019-12-01,総人口,女,2133,2284,2352,2384,2371,2326,2320,2205,2124,2156,2093,2088,2028,1919,1863,1885,1776,1829,1837,1984,2021,2057,2263,2740,2907,3078,3130,3097,3235,3346,3532,3642,3749,3755,3968,4151,4081,4212,4208,4116,4328,4303,4460,4422,4627,4931,5083,4951,4757,4606,4273,4182,4014,2997,3587,3316,2972,2871,2750,2589,2478,2540,2424,2498,2487,2546,2638,2733,2860,3185,3579,3647,3580,2254,2140,2696,2905,2767,2720,2481,2074,1978,2104,1910,1954,1594,1466,1287,1123,923,823,659,567,478,359,283,201,159,136,79,49,31,25,8,4,5
2020-01-01,総人口,男,2136,2375,2431,2579,2489,2372,2442,2368,2289,2299,2184,2067,2205,2061,1972,2000,1941,1941,1919,2090,2091,2157,2197,2730,2983,3166,3242,3414,3203,3330,3368,3627,3572,3688,3949,4135,4227,4375,4295,4060,4338,4349,4567,4596,4747,4835,5105,5075,4904,4754,4604,4510,4424,3285,4072,3580,3201,3125,2802,2730,2576,2643,2336,2377,2376,2449,2499,2631,2784,2969,3296,3383,3317,2107,1759,2177,2304,2143,2151,1924,1517,1351,1445,1221,1227,949,811,721,504,399,320,238,188,151,110,67,48,38,30,14,6,7,4,1,1,0
2020-01-01,総人口,女,2104,2282,2346,2376,2362,2334,2313,2247,2115,2134,2099,2081,2042,1938,1844,1909,1779,1825,1833,1978,2003,2065,2214,2749,2906,3120,3094,3131,3272,3268,3538,3673,3725,3728,3956,4128,4067,4241,4171,4084,4350,4333,4430,4389,4600,4932,5055,4999,4704,4660,4262,4311,3987,3005,3586,3344,2972,2886,2733,2614,2467,2542,2438,2491,2464,2536,2661,2709,2825,3161,3579,3611,3674,2353,2074,2606,2979,2709,2771,2472,2124,1935,2127,1899,1950,1606,1463,1285,1149,900,838,683,556,479,369,285,199,156,138,76,57,29,26,8,4,5
2020-02-01,総人口,男,2135,2345,2457,2541,2485,2401,2448,2354,2315,2275,2218,2066,2214,2079,1953,2001,1970,1906,1937,2078,2053,2195,2163,2716,2959,3171,3224,3451,3239,3362,3365,3642,3560,3680,3945,4167,4198,4376,4291,4054,4330,4373,4565,4580,4702,4815,5117,5060,4892,4778,4603,4496,4416,3430,3998,3629,3202,3144,2806,2744,2555,2644,2371,2370,2365,2455,2481,2610,2757,2944,3230,3367,3396,2204,1755,2098,2305,2139,2147,1915,1550,1346,1452,1215,1247,966,810,736,515,399,320,234,187,158,111,61,51,37,30,15,7,6,5,1,1,0
2020-02-01,総人口,女,2107,2274,2332,2368,2390,2345,2303,2231,2134,2115,2125,2102,2024,1931,1835,1928,1782,1822,1832,2001,1982,2057,2153,2769,2903,3179,3052,3148,3261,3291,3508,3696,3691,3738,3929,4115,4079,4222,4168,4069,4343,4362,4418,4386,4574,4915,5039,5023,4680,4712,4255,4393,3932,3100,3570,3355,2971,2874,2752,2628,2454,2571,2415,2484,2431,2533,2647,2692,2815,3148,3540,3543,3754,2478,2024,2541,2976,2670,2792,2490,2128,1938,2149,1897,1971,1625,1443,1334,1127,913,855,687,564,470,368,289,217,161,129,83,58,30,29,9,4,5
2020-03-01,総人口,男,2162,2335,2440,2523,2467,2443,2438,2343,2334,2266,2218,2081,2180,2105,1944,2009,1977,1929,1935,2085,2038,2203,2121,2740,2934,3148,3273,3440,3246,3376,3338,3676,3531,3674,3955,4190,4161,4351,4287,4069,4326,4365,4545,4586,4690,4795,5084,5081,4900,4784,4608,4528,4341,3546,3946,3667,3237,3123,2845,2753,2573,2624,2392,2379,2321,2455,2459,2606,2734,2933,3184,3339,3445,2344,1713,2011,2335,2157,2126,1908,1622,1329,1449,1236,1235,1010,787,738,537,394,317,251,189,152,122,62,50,35,30,20,7,6,5,1,1,0
2020-03-01,総人口,女,2074,2274,2333,2360,2408,2364,2293,2241,2135,2125,2105,2120,2018,1957,1830,1924,1803,1807,1833,1992,1972,2043,2187,2749,2890,3189,3077,3179,3239,3316,3491,3674,3702,3764,3918,4090,4126,4204,4179,4051,4353,4336,4427,4352,4564,4935,4993,5046,4694,4719,4282,4392,3935,3202,3520,3342,3011,2866,2779,2611,2467,2569,2416,2467,2452,2519,2646,2645,2825,3079,3528,3526,3829,2568,1979,2492,3004,2619,2837,2486,2172,1899,2153,1883,1989,1647,1437,1358,1108,965,856,692,565,468,374,291,212,168,124,92,57,31,29,10,4,5
2020-04-01,総人口,男,2172,2345,2465,2545,2465,2478,2429,2355,2338,2279,2193,2117,2151,2146,1958,1975,1987,1934,1994,2071,2087,2174,2383,2846,3047,3247,3297,3434,3311,3358,3426,3662,3535,3741,3945,4220,4190,4387,4279,4126,4295,4373,4544,4576,4675,4804,5044,5122,4884,4770,4608,4546,4302,3676,3853,3714,3253,3139,2876,2736,2608,2598,2427,2343,2338,2452,2434,2581,2695,2943,3176,3293,3504,2422,1702,1994,2297,2138,2174,1902,1655,1319,1440,1237,1233,1009,817,747,540,395,310,264,193,146,136,68,47,33,32,20,8,4,6,2,0,0
2020-04-01,総人口,女,2111,2312,2336,2376,2427,2377,2264,2263,2146,2096,2119,2131,2023,1969,1823,1945,1820,1782,1869,1969,2085,2081,2531,2873,2932,3272,3128,3196,3251,3342,3510,3754,3680,3810,3947,4148,4145,4243,4153,4096,4359,4330,4455,4330,4552,4945,4940,5044,4737,4703,4331,4405,3969,3308,3432,3378,3039,2869,2797,2605,2495,2576,2419,2474,2425,2533,2633,2629,2837,3027,3514,3464,3843,2758,1922,2429,3012,2627,2844,2484,2214,1860,2173,1858,1974,1697,1435,1316,1156,985,851,700,578,455,398,293,216,166,138,88,63,29,29,9,4,5
2020-05-01,総人口,男,2237,2343,2454,2548,2506,2480,2398,2413,2345,2251,2249,2125,2142,2143,1966,1962,2011,1924,2005,2097,2053,2186,2444,2855,3112,3266,3306,3449,3372,3442,3426,3727,3578,3801,3968,4226,4235,4378,4322,4207,4230,4404,4563,4539,4687,4763,5045,5156,4895,4761,4632,4598,4286,3817,3740,3737,3282,3152,2887,2723,2653,2612,2434,2328,2329,2468,2409,2571,2698,2918,3159,3273,3527,2543,1667,1972,2288,2136,2149,1921,1679,1317,1440,1233,1223,1019,809,764,536,403,306,264,194,145,139,67,52,30,32,22,6,6,6,2,0,0
2020-05-01,総人口,女,2140,2305,2348,2383,2418,2393,2270,2272,2165,2093,2150,2102,2052,1959,1846,1923,1845,1769,1895,1960,2050,2075,2597,2891,2943,3296,3182,3215,3318,3380,3510,3800,3684,3885,3988,4166,4172,4284,4134,4120,4355,4360,4391,4371,4516,4971,4915,5061,4746,4712,4409,4378,4006,3377,3382,3404,3080,2901,2736,2665,2498,2597,2423,2458,2439,2542,2579,2622,2828,2978,3511,3477,3829,2903,1883,2386,2979,2643,2846,2479,2271,1869,2137,1877,1953,1718,1457,1311,1156,984,832,733,575,457,406,286,218,166,131,88,60,32,29,10,2,7
2020-06-01,総人口,男,2211,2364,2433,2526,2501,2515,2372,2423,2352,2237,2250,2156,2114,2163,1958,1964,2014,1938,2005,2103,2050,2208,2387,2866,3098,3276,3307,3480,3418,3414,3455,3699,3609,3793,3911,4187,4235,4380,4340,4207,4231,4353,4546,4560,4651,4789,5008,5197,4873,4761,4692,4591,4291,3917,3667,3765,3334,3137,2909,2724,2684,2599,2458,2346,2314,2477,2394,2544,2720,2893,3123,3235,3527,2652,1657,1905,2337,2124,2120,1957,1697,1306,1428,1239,1225,1021,812,772,548,398,305,262,190,140,145,71,52,30,33,22,4,8,4,4,0,0
2020-06-01,総人口,女,2134,2289,2344,2388,2409,2398,2275,2252,2178,2106,2149,2102,2064,1961,1847,1924,1853,1778,1876,1947,2029,2070,2593,2836,2944,3282,3211,3225,3315,3386,3491,3777,3659,3924,3936,4149,4188,4309,4119,4140,4341,4337,4357,4386,4524,4939,4908,5053,4767,4707,4486,4338,4028,3482,3306,3447,3100,2919,2761,2666,2485,2594,2416,2465,2447,2538,2557,2632,2809,2974,3456,3471,3829,3019,1875,2354,2933,2679,2842,2459,2323,1875,2128,1877,1949,1742,1455,1323,1152,983,849,730,562,473,408,284,222,165,127,90,58,37,29,7,4,6
2020-07-01,総人口,男,2194,2362,2444,2507,2514,2479,2395,2437,2338,2263,2241,2171,2118,2175,1953,1957,2025,1929,2032,2081,2074,2170,2398,2880,3124,3247,3311,3478,3426,3463,3477,3648,3624,3814,3878,4193,4226,4397,4316,4252,4222,4333,4525,4554,4675,4758,4999,5169,4940,4736,4678,4672,4332,3950,3624,3764,3410,3156,2925,2696,2674,2603,2490,2327,2324,2436,2410,2538,2697,2898,3076,3257,3483,2730,1676,1916,2313,2143,2071,1994,1724,1326,1391,1244,1231,1005,849,744,571,406,300,257,193,139,133,78,49,29,35,21,2,8,3,5,0,0
2020-07-01,総人口,女,2125,2311,2353,2348,2444,2376,2300,2259,2198,2080,2171,2107,2075,1957,1861,1906,1869,1788,1867,1901,2035,2093,2624,2823,2947,3303,3257,3207,3298,3427,3532,3712,3685,3932,3924,4130,4176,4306,4107,4143,4355,4286,4394,4408,4523,4894,4881,5063,4788,4712,4513,4305,4084,3579,3244,3469,3124,2941,2755,2697,2508,2581,2408,2465,2464,2531,2521,2634,2792,2965,3409,3475,3793,3132,1891,2326,2922,2684,2832,2482,2367,1880,2113,1877,1946,1741,1470,1314,1159,985,855,713,572,475,410,293,209,170,120,92,59,37,29,7,5,6
2020-08-01,総人口,男,2233,2326,2454,2505,2528,2468,2379,2470,2319,2272,2272,2148,2126,2157,1966,1983,1994,1961,2025,2086,2040,2186,2354,2859,3107,3247,3343,3443,3418,3447,3508,3655,3573,3853,3834,4152,4258,4359,4338,4240,4200,4323,4524,4513,4665,4793,4962,5179,4965,4742,4686,4643,4347,4086,3534,3783,3464,3141,2947,2717,2709,2580,2495,2336,2322,2409,2404,2507,2681,2884,3025,3277,3398,2884,1685,1913,2278,2146,2094,1991,1745,1337,1389,1238,1218,1025,847,748,566,403,321,248,188,140,130,82,47,33,34,20,2,8,2,4,0,0
2020-08-01,総人口,女,2104,2310,2345,2342,2439,2375,2297,2265,2226,2056,2182,2124,2066,1968,1880,1904,1849,1801,1849,1868,2028,2094,2577,2849,2935,3284,3307,3226,3256,3431,3501,3717,3686,3972,3871,4129,4173,4340,4093,4148,4314,4297,4411,4351,4524,4855,4915,5013,4848,4693,4572,4321,4081,3657,3226,3469,3168,2968,2733,2702,2525,2560,2420,2459,2452,2526,2533,2626,2754,2952,3356,3500,3754,3239,1933,2283,2907,2662,2851,2530,2376,1878,2089,1916,1928,1751,1474,1331,1142,1004,856,721,577,467,412,300,212,170,119,93,60,33,27,9,5,6
2020-09-01,総人口,男,2219,2305,2448,2490,2527,2491,2386,2442,2315,2305,2240,2188,2105,2155,1968,2010,1980,1962,2033,2039,2014,2177,2355,2779,3059,3279,3353,3383,3464,3410,3490,3604,3619,3810,3809,4097,4217,4357,4333,4214,4245,4303,4500,4513,4641,4756,4963,5188,4963,4755,4722,4609,4396,4150,3455,3804,3526,3144,3002,2702,2699,2589,2546,2326,2283,2414,2387,2504,2678,2861,2994,3256,3356,2993,1704,1904,2244,2166,2083,2019,1767,1337,1376,1262,1203,1021,844,753,578,413,323,252,182,145,128,84,51,32,29,20,4,7,2,3,0,0
2020-09-01,総人口,女,2095,2293,2321,2369,2404,2362,2315,2259,2237,2048,2207,2114,2061,1965,1876,1910,1864,1768,1862,1826,2010,2128,2526,2842,2952,3255,3288,3228,3262,3396,3512,3665,3682,3989,3871,4105,4130,4299,4121,4168,4232,4309,4412,4391,4436,4855,4831,5063,4872,4738,4580,4308,4072,3771,3147,3472,3220,2986,2727,2700,2558,2556,2418,2449,2465,2500,2563,2606,2716,2919,3344,3482,3766,3314,1966,2256,2857,2710,2822,2576,2386,1904,2044,1919,1920,1794,1472,1344,1131,1003,857,727,570,475,409,300,224,175,126,94,58,31,26,10,5,6
2020-10-01,総人口,男,2208,2270,2460,2468,2557,2481,2390,2416,2340,2280,2272,2178,2098,2174,1986,1995,1974,1946,2016,2010,2087,2140,2330,2724,3048,3266,3322,3388,3468,3405,3461,3556,3659,3741,3776,4112,4198,4328,4315,4254,4203,4322,4435,4527,4600,4783,4953,5129,4995,4820,4732,4594,4415,4193,3398,3849,3545,3134,3043,2722,2684,2566,2592,2323,2297,2384,2385,2494,2653,2818,2964,3263,3313,3060,1758,1869,2226,2183,2063,2043,1771,1357,1361,1279,1173,1044,864,738,597,417,315,255,181,149,124,83,54,33,28,22,5,5,4,3,0,0
2020-10-01,総人口,女,2092,2273,2337,2331,2416,2346,2307,2280,2261,2061,2175,2121,2046,2015,1873,1887,1838,1793,1850,1821,2028,2088,2523,2791,2962,3195,3330,3249,3239,3368,3513,3656,3652,3942,3885,4051,4166,4228,4136,4196,4191,4323,4369,4452,4378,4780,4854,5078,4900,4747,4585,4313,4066,3900,3058,3525,3220,2970,2757,2700,2579,2537,2436,2419,2491,2475,2534,2627,2726,2862,3291,3496,3707,3411,2035,2205,2803,2741,2796,2597,2406,1925,2019,1957,1868,1818,1477,1347,1150,1015,846,745,579,472,400,306,226,173,121,98,57,31,27,13,5,6
2020-11-01,総人口,男,2209,2223,2451,2433,2555,2485,2374,2451,2314,2266,2316,2175,2097,2187,1988,1987,1996,1933,1993,2028,2068,2114,2323,2736,3041,3268,3297,3398,3483,3381,3488,3494,3683,3735,3763,4085,4192,4310,4301,4258,4207,4299,4404,4553,4556,4770,4923,5126,5022,4834,4760,4561,4426,4305,3262,3952,3549,3151,3057,2740,2674,2580,2606,2261,2352,2361,2395,2472,2659,2766,2915,3282,3287,3091,1867,1809,2206,2181,2047,2065,1791,1377,1348,1292,1162,1059,859,734,610,414,326,248,184,148,127,84,55,30,27,24,5,5,4,2,1,0
2020-11-01,総人口,女,2071,2248,2330,2354,2396,2349,2316,2289,2226,2074,2188,2102,2075,2013,1885,1873,1855,1789,1838,1834,2022,2067,2460,2797,3001,3145,3328,3301,3231,3400,3434,3684,3670,3875,3835,4035,4202,4181,4165,4215,4122,4342,4318,4476,4427,4671,4879,5071,4921,4778,4579,4257,4119,3975,3001,3580,3252,2962,2804,2716,2559,2508,2478,2416,2455,2500,2527,2619,2724,2842,3218,3504,3653,3492,2131,2155,2726,2793,2787,2626,2413,1935,1992,1978,1850,1823,1486,1371,1150,1007,847,746,590,478,396,315,230,161,134,96,56,34,24,17,4,7
2020-12-01,総人口,男,2223,2235,2415,2434,2568,2493,2361,2457,2337,2258,2299,2197,2084,2190,2030,1969,1993,1948,1974,2029,2078,2110,2311,2712,3042,3275,3366,3365,3519,3345,3460,3511,3687,3692,3792,4100,4179,4296,4285,4290,4159,4315,4420,4551,4556,4751,4871,5157,4983,4847,4756,4581,4422,4398,3195,3982,3573,3142,3079,2737,2687,2562,2629,2243,2344,2362,2383,2454,2645,2743,2906,3256,3277,3153,1941,1771,2145,2210,2038,2062,1811,1399,1314,1340,1141,1076,872,726,617,419,331,258,186,149,121,89,53,31,31,21,8,5,4,2,1,0
2020-12-01,総人口,女,2072,2239,2336,2335,2389,2343,2319,2303,2189,2138,2155,2098,2077,2014,1918,1849,1879,1763,1840,1862,2007,2064,2362,2863,3008,3121,3339,3346,3238,3417,3452,3647,3676,3875,3816,4014,4216,4150,4214,4216,4120,4321,4336,4454,4418,4609,4916,5068,4936,4748,4595,4259,4162,3994,2977,3590,3290,2953,2837,2721,2561,2467,2515,2419,2467,2472,2517,2613,2702,2824,3169,3547,3608,3533,2236,2102,2658,2858,2715,2659,2416,2002,1921,2025,1822,1851,1503,1371,1185,1001,847,736,577,483,412,300,236,164,126,105,54,37,24,17,5,7
2021-01-01,総人口,男,2181,2222,2401,2431,2569,2479,2371,2434,2355,2270,2303,2186,2081,2204,2056,1967,1989,1930,1981,2044,2098,2135,2307,2665,3034,3284,3346,3390,3522,3327,3439,3493,3695,3659,3780,4097,4213,4206,4352,4299,4084,4370,4381,4539,4555,4715,4816,5095,5053,4849,4747,4556,4486,4381,3228,4010,3562,3152,3081,2765,2703,2554,2603,2291,2328,2305,2409,2441,2603,2733,2888,3204,3284,3226,2036,1714,2095,2211,2052,2075,1833,1434,1276,1349,1126,1115,854,721,641,434,329,255,191,147,119,88,55,32,31,20,10,5,4,2,1,0
2021-01-01,総人口,女,2068,2236,2323,2326,2365,2337,2320,2297,2230,2109,2133,2112,2065,2033,1940,1831,1905,1760,1830,1866,1974,2071,2318,2825,3008,3119,3372,3324,3301,3429,3387,3622,3728,3859,3815,4032,4171,4166,4213,4189,4099,4336,4351,4435,4365,4584,4895,5045,4979,4680,4644,4258,4276,3974,2993,3582,3313,2955,2860,2705,2571,2461,2517,2427,2453,2450,2508,2641,2684,2789,3142,3550,3576,3622,2331,2036,2561,2933,2663,2705,2411,2050,1876,2056,1811,1850,1530,1361,1190,1028,821,750,598,476,404,311,238,162,128,101,53,42,21,16,5,7
2021-02-01,総人口,男,2128,2225,2362,2446,2543,2474,2388,2439,2334,2295,2269,2220,2081,2209,2075,1954,1983,1957,1941,2060,2097,2101,2315,2686,2986,3257,3368,3358,3562,3312,3471,3442,3692,3663,3764,4078,4239,4146,4374,4289,4064,4340,4409,4542,4527,4676,4779,5104,5051,4833,4772,4560,4468,4384,3359,3936,3608,3159,3095,2761,2720,2538,2607,2323,2322,2289,2405,2415,2575,2711,2864,3144,3272,3303,2137,1704,2026,2201,2053,2072,1827,1468,1261,1352,1126,1134,881,717,654,437,332,258,192,144,124,91,52,34,29,23,10,5,2,3,1,0
2021-02-01,総人口,女,2042,2211,2312,2325,2342,2367,2333,2287,2205,2126,2109,2136,2094,2008,1939,1825,1918,1770,1833,1880,1982,2056,2258,2834,3035,3111,3416,3295,3309,3379,3400,3583,3764,3824,3828,3979,4170,4168,4172,4184,4083,4332,4353,4433,4361,4535,4886,5022,5009,4656,4684,4249,4363,3918,3088,3559,3340,2944,2852,2724,2580,2453,2545,2404,2456,2412,2505,2630,2667,2779,3132,3510,3503,3712,2457,1996,2491,2939,2624,2721,2425,2060,1883,2074,1805,1870,1552,1338,1239,1014,832,764,599,485,386,311,237,175,129,89,57,43,17,18,6,7
2021-03-01,総人口,男,2121,2244,2343,2425,2525,2456,2440,2416,2324,2315,2261,2222,2100,2173,2099,1946,1988,1958,1961,2052,2091,2083,2304,2688,2989,3224,3383,3376,3566,3347,3450,3437,3696,3618,3769,4047,4242,4138,4366,4261,4087,4318,4395,4519,4519,4665,4754,5075,5069,4832,4777,4557,4499,4308,3486,3878,3626,3199,3075,2792,2721,2551,2584,2345,2323,2260,2400,2400,2557,2682,2854,3112,3240,3341,2283,1654,1949,2232,2048,2049,1831,1531,1243,1347,1149,1118,918,702,653,459,326,248,206,141,120,99,52,34,25,21,13,5,2,2,1,0
2021-03-01,総人口,女,2032,2197,2304,2324,2348,2372,2353,2263,2206,2129,2117,2105,2114,2004,1958,1818,1919,1788,1815,1879,1953,2065,2202,2852,3023,3092,3406,3328,3309,3359,3428,3565,3742,3790,3863,3945,4149,4221,4157,4178,4059,4337,4311,4438,4312,4530,4895,4965,5028,4671,4700,4266,4351,3934,3192,3500,3328,2993,2841,2746,2578,2453,2541,2400,2444,2432,2491,2619,2629,2790,3056,3495,3479,3786,2552,1954,2454,2959,2580,2768,2415,2116,1845,2076,1793,1887,1568,1333,1261,1002,877,757,596,488,385,313,246,170,132,91,62,42,20,17,7,7
2021-04-01,総人口,男,2112,2240,2325,2404,2510,2442,2422,2400,2326,2323,2254,2195,2133,2140,2131,1962,1955,1969,1995,2075,2129,2111,2534,2803,3106,3280,3413,3383,3553,3416,3371,3466,3656,3589,3806,3978,4202,4154,4365,4243,4126,4269,4387,4518,4491,4630,4745,4989,5099,4838,4748,4579,4534,4257,3622,3785,3667,3213,3089,2829,2697,2585,2563,2383,2289,2271,2391,2373,2532,2641,2865,3105,3196,3398,2364,1632,1924,2198,2029,2088,1820,1565,1233,1348,1141,1120,914,728,667,462,333,248,210,143,116,108,57,31,25,24,12,6,2,3,1,0
2021-04-01,総人口,女,1988,2187,2288,2286,2337,2367,2345,2234,2215,2135,2092,2110,2121,2014,1969,1828,1930,1801,1833,1875,2019,2127,2551,2931,3104,3088,3490,3318,3330,3370,3435,3552,3764,3705,3850,3935,4133,4191,4188,4111,4078,4328,4269,4451,4293,4511,4886,4907,5011,4684,4683,4306,4364,3952,3291,3405,3357,3019,2831,2754,2561,2484,2542,2397,2450,2399,2507,2597,2607,2801,2995,3481,3408,3795,2734,1904,2390,2958,2586,2779,2418,2155,1801,2099,1774,1867,1608,1341,1226,1058,880,753,611,500,368,330,241,170,128,105,61,46,20,17,7,8
2021-05-01,総人口,男,2094,2253,2309,2379,2490,2495,2412,2368,2376,2310,2223,2240,2126,2133,2128,1957,1947,1994,2016,2083,2148,2076,2590,2833,3091,3340,3431,3379,3549,3441,3385,3432,3690,3572,3805,3923,4177,4185,4327,4241,4196,4186,4387,4534,4469,4639,4714,4978,5094,4835,4719,4584,4577,4246,3768,3668,3696,3242,3117,2846,2692,2626,2568,2395,2275,2252,2401,2347,2512,2643,2831,3091,3171,3422,2477,1602,1911,2184,2045,2058,1836,1590,1235,1352,1144,1109,924,716,687,459,336,247,208,146,114,107,54,33,24,25,13,4,4,3,1,0
2021-05-01,総人口,女,2007,2173,2273,2277,2317,2354,2333,2252,2222,2141,2078,2137,2084,2041,1948,1858,1902,1831,1835,1894,2025,2120,2604,2944,3109,3120,3491,3335,3320,3391,3395,3537,3777,3657,3879,3932,4114,4168,4206,4056,4084,4299,4309,4373,4328,4464,4909,4875,5018,4671,4675,4385,4339,3983,3356,3343,3388,3053,2853,2689,2623,2475,2571,2388,2438,2413,2514,2543,2606,2793,2954,3481,3420,3789,2874,1867,2341,2929,2592,2783,2405,2213,1821,2062,1797,1848,1618,1369,1224,1063,885,736,642,493,370,332,238,171,130,103,62,46,22,16,8,8
2021-06-01,総人口,男,2069,2252,2327,2372,2468,2477,2440,2344,2390,2310,2212,2245,2154,2108,2154,1952,1950,2000,2026,2070,2153,2058,2613,2773,3132,3323,3429,3380,3554,3466,3342,3477,3638,3608,3814,3862,4134,4195,4320,4250,4193,4185,4327,4510,4499,4593,4743,4935,5132,4812,4716,4639,4558,4246,3889,3602,3717,3293,3103,2863,2694,2647,2563,2411,2297,2228,2405,2335,2477,2671,2807,3053,3144,3423,2576,1596,1848,2235,2024,2038,1875,1597,1224,1344,1146,1111,925,725,696,471,339,247,204,151,104,113,55,32,25,25,11,2,6,2,2,0
2021-06-01,総人口,女,2016,2173,2269,2257,2312,2358,2334,2263,2202,2153,2093,2131,2083,2055,1953,1861,1912,1848,1830,1891,2016,2099,2588,2930,3085,3148,3462,3380,3346,3398,3418,3531,3746,3645,3909,3912,4065,4158,4237,4039,4065,4273,4278,4335,4356,4486,4888,4878,5006,4684,4673,4464,4310,3991,3476,3262,3437,3066,2873,2710,2624,2458,2560,2382,2443,2418,2511,2516,2620,2775,2954,3424,3421,3790,2988,1852,2318,2878,2624,2782,2381,2260,1830,2051,1793,1840,1636,1359,1229,1056,890,749,642,477,388,333,232,173,126,99,64,45,26,17,6,10
2021-07-01,総人口,男,2085,2215,2318,2390,2445,2487,2417,2354,2402,2293,2236,2237,2159,2112,2170,1944,1935,2015,2014,2107,2126,2082,2529,2805,3128,3345,3417,3397,3551,3430,3391,3484,3580,3612,3821,3805,4130,4173,4333,4245,4197,4177,4289,4473,4512,4612,4703,4930,5100,4885,4702,4614,4637,4283,3911,3558,3732,3350,3125,2880,2685,2628,2566,2454,2265,2245,2380,2351,2463,2640,2821,3001,3176,3377,2659,1619,1855,2221,2047,1988,1909,1615,1248,1312,1151,1112,911,758,673,492,348,244,203,157,105,103,65,32,25,27,11,2,5,1,3,0
2021-07-01,総人口,女,1991,2156,2291,2274,2267,2380,2306,2277,2216,2166,2066,2151,2082,2063,1955,1879,1888,1871,1823,1909,1962,2109,2582,2962,3064,3178,3476,3406,3367,3383,3417,3551,3679,3679,3925,3889,4040,4132,4237,4022,4066,4271,4219,4352,4368,4498,4837,4854,5012,4688,4685,4496,4285,4040,3571,3200,3444,3080,2906,2704,2657,2470,2549,2371,2448,2430,2503,2489,2618,2751,2938,3377,3426,3751,3099,1868,2297,2870,2623,2769,2406,2306,1828,2035,1798,1840,1633,1376,1231,1056,893,753,624,484,392,333,239,165,130,91,63,47,26,16,6,11
2021-08-01,総人口,男,2051,2230,2280,2379,2454,2484,2415,2336,2428,2273,2242,2268,2130,2124,2150,1962,1955,1986,2036,2099,2151,2061,2516,2771,3102,3346,3378,3439,3566,3429,3367,3503,3598,3550,3838,3780,4107,4186,4314,4249,4190,4165,4280,4472,4470,4606,4716,4907,5096,4909,4706,4619,4603,4297,4055,3473,3752,3406,3108,2911,2697,2671,2538,2459,2284,2257,2362,2344,2432,2630,2807,2953,3192,3305,2809,1633,1846,2198,2038,2014,1901,1643,1261,1308,1148,1095,925,762,669,487,347,262,197,156,105,101,64,33,27,23,9,1,4,1,3,0
2021-08-01,総人口,女,1986,2120,2287,2274,2254,2387,2307,2253,2224,2192,2035,2172,2089,2047,1966,1902,1891,1851,1830,1900,1922,2101,2562,2970,3076,3180,3465,3424,3403,3346,3386,3526,3692,3678,3924,3833,4051,4119,4269,3995,4091,4242,4220,4355,4323,4493,4808,4881,4954,4751,4661,4552,4290,4036,3647,3180,3449,3121,2933,2689,2661,2501,2534,2386,2442,2419,2494,2506,2605,2704,2920,3333,3456,3711,3211,1904,2250,2862,2593,2782,2464,2317,1828,2017,1838,1826,1644,1371,1250,1035,910,759,633,491,381,325,248,166,132,92,64,46,25,17,7,11
2021-09-01,総人口,男,2026,2249,2255,2371,2444,2482,2437,2336,2407,2278,2275,2229,2174,2101,2146,1964,1987,1978,2022,2112,2104,2058,2459,2812,3058,3319,3402,3449,3519,3483,3372,3484,3564,3581,3779,3776,4043,4171,4323,4269,4131,4220,4259,4436,4476,4591,4684,4875,5109,4912,4721,4648,4578,4342,4121,3396,3777,3470,3096,2972,2687,2665,2540,2502,2279,2231,2356,2326,2429,2621,2786,2917,3170,3267,2909,1646,1836,2169,2057,2006,1926,1662,1256,1294,1171,1083,922,764,671,493,356,264,204,151,108,99,64,34,27,21,10,2,4,1,3,0
2021-09-01,総人口,女,1967,2120,2269,2253,2281,2342,2308,2267,2218,2197,2032,2194,2092,2037,1964,1900,1901,1877,1798,1914,1882,2083,2563,2932,3048,3223,3441,3454,3385,3348,3409,3499,3650,3669,3948,3822,4030,4072,4233,4045,4106,4162,4242,4347,4365,4414,4825,4791,5006,4795,4687,4561,4269,4043,3751,3112,3464,3172,2939,2693,2659,2533,2526,2392,2424,2423,2478,2535,2584,2678,2880,3324,3429,3723,3281,1934,2216,2814,2641,2758,2504,2334,1849,1982,1842,1813,1682,1370,1253,1035,901,759,640,487,388,321,246,166,136,89,65,42,24,18,7,11
2021-10-01,総人口,男,2054,2236,2231,2380,2435,2507,2418,2339,2383,2300,2251,2259,2173,2094,2164,1978,1974,1972,1993,2099,2108,2117,2395,2801,3033,3299,3408,3418,3518,3498,3398,3454,3550,3617,3703,3741,4069,4144,4286,4243,4182,4163,4297,4383,4481,4554,4704,4863,5073,4937,4777,4662,4561,4356,4181,3335,3819,3486,3099,3009,2697,2652,2512,2546,2272,2250,2323,2330,2408,2599,2752,2884,3172,3230,2976,1693,1801,2150,2073,1985,1947,1665,1283,1274,1189,1057,941,787,656,506,362,258,209,150,112,98,62,38,25,19,13,2,3,2,3,0
2021-10-01,総人口,女,1965,2098,2232,2263,2247,2343,2284,2273,2239,2218,2051,2151,2113,2022,2011,1890,1888,1851,1824,1916,1878,2092,2476,2978,3009,3246,3381,3506,3386,3329,3393,3489,3644,3653,3872,3829,4015,4086,4156,4050,4141,4129,4255,4304,4414,4352,4740,4820,5036,4819,4712,4550,4284,4044,3879,3027,3505,3189,2929,2723,2660,2545,2519,2413,2381,2451,2457,2511,2601,2690,2830,3266,3446,3659,3375,2004,2160,2758,2679,2734,2534,2345,1865,1962,1886,1766,1699,1384,1252,1049,918,747,659,486,383,319,252,168,134,84,62,45,23,17,9,9
2021-11-01,総人口,男,2017,2260,2183,2377,2397,2507,2419,2325,2423,2278,2237,2300,2168,2081,2178,1987,1972,1989,1975,2079,2123,2105,2376,2818,3023,3278,3386,3386,3512,3527,3374,3450,3472,3661,3716,3723,4012,4153,4272,4226,4187,4148,4274,4357,4496,4528,4707,4835,5056,4965,4794,4702,4523,4384,4278,3219,3902,3497,3122,3027,2706,2628,2533,2547,2216,2307,2306,2335,2395,2582,2700,2843,3200,3216,3011,1798,1739,2128,2077,1965,1966,1691,1298,1262,1198,1042,960,787,654,519,357,272,203,151,115,100,60,38,24,18,14,3,3,2,2,1
2021-11-01,総人口,女,1950,2088,2204,2257,2269,2327,2289,2273,2239,2176,2060,2167,2101,2047,2006,1908,1880,1867,1803,1916,1897,2081,2407,2972,2997,3278,3321,3520,3408,3293,3400,3419,3640,3669,3798,3775,3992,4129,4119,4065,4168,4055,4265,4262,4443,4402,4632,4832,5029,4850,4742,4540,4236,4106,3950,2961,3562,3221,2916,2765,2677,2521,2490,2448,2379,2412,2476,2509,2587,2694,2811,3196,3457,3608,3448,2106,2116,2681,2719,2738,2568,2350,1875,1939,1901,1750,1703,1397,1270,1055,921,751,645,495,381,326,255,169,128,93,63,41,23,16,11,9
2021-12-01,総人口,男,2047,2262,2191,2365,2395,2524,2431,2306,2431,2291,2237,2276,2190,2065,2182,2028,1956,1984,1985,2061,2110,2120,2332,2818,3021,3286,3390,3387,3471,3559,3366,3432,3497,3665,3678,3753,4031,4130,4263,4195,4237,4097,4287,4361,4474,4513,4695,4801,5081,4925,4807,4721,4545,4398,4354,3163,3940,3525,3107,3058,2694,2646,2515,2569,2198,2297,2308,2322,2381,2575,2682,2814,3176,3200,3074,1864,1703,2067,2113,1938,1971,1701,1321,1224,1236,1028,983,788,645,525,356,275,211,153,114,93,63,37,18,21,12,6,3,2,2,1
2021-12-01,総人口,女,1971,2075,2200,2264,2266,2312,2280,2298,2255,2144,2115,2145,2093,2048,2006,1940,1856,1897,1773,1904,1914,2058,2341,2961,3046,3262,3313,3556,3441,3327,3380,3443,3596,3677,3804,3750,3992,4138,4084,4105,4152,4059,4259,4260,4434,4397,4573,4868,5015,4883,4717,4563,4231,4151,3972,2944,3566,3260,2908,2797,2688,2529,2456,2483,2381,2416,2454,2499,2583,2668,2803,3141,3499,3561,3491,2207,2062,2615,2780,2665,2599,2353,1945,1863,1941,1723,1730,1413,1260,1087,917,752,629,490,378,338,246,171,130,87,69,35,26,16,10,9
2022-01-01,総人口,男,2081,2203,2185,2345,2379,2516,2424,2304,2412,2309,2250,2274,2184,2069,2191,2048,1961,1984,1954,2072,2095,2137,2301,2815,2982,3282,3439,3389,3493,3609,3346,3424,3497,3685,3618,3746,4058,4109,4201,4260,4237,4026,4319,4306,4480,4528,4668,4764,5016,4999,4816,4702,4529,4466,4345,3195,3981,3519,3114,3060,2706,2670,2504,2551,2243,2283,2256,2346,2374,2533,2672,2791,3134,3198,3146,1947,1653,2027,2119,1956,1978,1731,1345,1193,1246,1017,1021,770,642,550,366,273,211,154,113,93,61,38,18,22,13,6,3,2,2,1
2022-01-01,総人口,女,1969,2086,2190,2242,2272,2283,2277,2296,2253,2183,2094,2126,2102,2041,2023,1963,1844,1921,1769,1895,1896,2039,2301,2964,3074,3242,3338,3576,3437,3362,3431,3401,3561,3707,3765,3757,3985,4122,4069,4119,4122,4034,4282,4278,4403,4367,4548,4860,4979,4940,4660,4613,4233,4266,3951,2953,3558,3289,2908,2818,2674,2551,2442,2484,2388,2415,2430,2493,2606,2652,2771,3111,3498,3524,3584,2302,1993,2521,2858,2605,2646,2346,1994,1823,1975,1710,1732,1437,1240,1089,946,731,640,500,379,331,250,180,129,87,70,37,29,15,10,8
2022-02-01,総人口,男,2040,2177,2198,2298,2386,2482,2434,2302,2422,2297,2277,2243,2223,2064,2205,2067,1940,1982,1976,2046,2094,2144,2243,2825,2982,3250,3430,3419,3431,3605,3360,3436,3496,3675,3621,3731,4031,4139,4123,4280,4234,4014,4273,4333,4482,4505,4643,4724,5011,4993,4793,4758,4521,4457,4330,3342,3901,3565,3115,3068,2708,2696,2488,2558,2278,2279,2245,2346,2351,2509,2643,2775,3065,3182,3220,2045,1643,1953,2109,1949,1986,1724,1375,1185,1255,1014,1025,793,639,563,371,281,211,156,110,100,62,35,21,22,15,7,3,2,2,0
2022-02-01,総人口,女,1964,2047,2180,2215,2258,2274,2299,2310,2242,2149,2118,2109,2129,2074,2006,1960,1838,1926,1773,1916,1883,2053,2269,2935,3070,3254,3343,3605,3429,3369,3398,3393,3534,3765,3746,3760,3909,4117,4077,4103,4102,4028,4276,4298,4388,4363,4502,4841,4974,4965,4635,4653,4224,4336,3892,3052,3531,3315,2899,2809,2698,2559,2445,2510,2363,2423,2386,2501,2597,2626,2763,3090,3455,3453,3661,2429,1952,2443,2866,2575,2667,2353,2008,1819,1991,1709,1764,1438,1236,1128,931,741,657,504,379,312,251,182,146,87,62,42,33,11,12,7
2022-03-01,総人口,男,2064,2144,2206,2274,2358,2477,2411,2347,2395,2289,2294,2241,2225,2083,2172,2103,1924,1985,1977,2080,2079,2146,2203,2792,3008,3275,3394,3430,3444,3588,3401,3415,3472,3684,3600,3699,4001,4160,4105,4265,4224,4028,4262,4298,4463,4496,4632,4709,4985,5011,4794,4756,4534,4488,4253,3459,3852,3580,3161,3057,2740,2696,2505,2537,2303,2273,2213,2347,2329,2489,2619,2772,3017,3147,3255,2185,1598,1891,2144,1945,1961,1727,1432,1168,1251,1037,997,821,627,554,390,280,205,162,111,96,68,36,19,19,13,9,3,2,2,0
2022-03-01,総人口,女,1925,2042,2149,2197,2257,2277,2304,2319,2222,2155,2112,2113,2109,2090,2003,1976,1826,1930,1787,1895,1891,2040,2281,2912,3110,3239,3312,3598,3453,3368,3393,3412,3525,3703,3749,3804,3872,4074,4120,4082,4085,3995,4296,4262,4394,4311,4506,4847,4914,4989,4657,4662,4249,4311,3901,3166,3473,3303,2951,2803,2717,2552,2441,2508,2362,2414,2398,2483,2581,2599,2765,3011,3452,3434,3731,2519,1907,2405,2887,2519,2712,2345,2058,1780,1994,1689,1795,1451,1221,1150,915,786,647,498,389,305,254,189,134,90,63,45,31,14,12,6
2022-04-01,総人口,男,2020,2137,2202,2259,2354,2467,2369,2377,2375,2298,2301,2254,2180,2122,2138,2132,1933,1951,2012,2074,2144,2147,2519,2904,3180,3378,3389,3462,3442,3585,3493,3368,3532,3665,3575,3754,3954,4148,4106,4281,4209,4056,4224,4318,4444,4463,4613,4740,4933,5047,4804,4720,4561,4513,4192,3603,3762,3632,3163,3069,2771,2681,2544,2513,2325,2244,2233,2335,2317,2462,2573,2773,3008,3099,3315,2273,1587,1855,2108,1929,2001,1715,1459,1148,1246,1035,999,808,647,575,381,287,205,166,107,94,77,38,19,16,16,6,3,2,2,0
2022-04-01,総人口,女,1975,2009,2168,2217,2234,2291,2312,2324,2211,2186,2109,2091,2126,2102,2009,1992,1826,1927,1823,1877,1965,2047,2676,2988,3209,3328,3308,3597,3535,3365,3418,3402,3573,3725,3686,3827,3904,4059,4100,4132,4044,4015,4288,4231,4414,4286,4510,4843,4881,4978,4666,4662,4274,4339,3903,3269,3382,3339,2982,2797,2731,2553,2468,2515,2368,2416,2361,2501,2564,2580,2771,2953,3439,3369,3744,2699,1853,2342,2893,2530,2720,2356,2089,1749,1996,1682,1776,1496,1229,1102,962,785,650,512,393,295,258,195,128,86,71,43,34,13,11,4
2022-05-01,総人口,男,2001,2134,2221,2242,2340,2447,2405,2361,2339,2340,2294,2228,2207,2125,2129,2121,1949,1953,2049,2062,2197,2182,2540,3024,3212,3428,3475,3509,3466,3560,3551,3434,3483,3698,3587,3780,3898,4156,4121,4300,4221,4110,4164,4322,4486,4425,4596,4720,4931,5057,4809,4679,4576,4559,4183,3737,3644,3652,3191,3097,2783,2675,2583,2528,2348,2226,2222,2343,2294,2445,2573,2747,2991,3075,3333,2381,1555,1841,2097,1939,1968,1733,1483,1148,1245,1041,998,807,646,592,381,284,200,166,111,94,78,35,20,15,17,5,2,2,2,0
2022-05-01,総人口,女,1969,2047,2158,2231,2234,2295,2295,2328,2220,2212,2112,2087,2157,2075,2032,1973,1860,1900,1882,1860,2031,2035,2713,3014,3244,3335,3340,3605,3556,3382,3476,3405,3546,3758,3667,3865,3923,4039,4120,4142,4011,4020,4271,4274,4341,4328,4463,4862,4837,5000,4663,4665,4347,4317,3926,3336,3324,3373,3013,2825,2676,2615,2470,2546,2364,2400,2378,2506,2517,2574,2766,2910,3437,3380,3736,2833,1812,2298,2860,2533,2724,2350,2142,1759,1958,1707,1757,1507,1260,1092,963,785,639,540,389,291,260,195,134,85,69,44,30,15,10,5
2022-06-01,総人口,男,1994,2125,2217,2267,2341,2427,2402,2395,2324,2352,2303,2220,2214,2147,2103,2142,1945,1956,2077,2069,2184,2199,2554,3077,3208,3502,3497,3556,3456,3597,3624,3399,3537,3663,3643,3778,3865,4113,4155,4322,4230,4124,4178,4276,4475,4479,4558,4747,4903,5088,4803,4663,4637,4543,4188,3861,3571,3681,3249,3087,2799,2674,2604,2519,2372,2235,2197,2349,2277,2413,2602,2726,2964,3061,3314,2495,1542,1776,2149,1921,1947,1770,1488,1131,1229,1042,996,810,657,598,388,282,205,160,115,87,84,35,20,15,16,4,1,3,2,0
2022-06-01,総人口,女,1910,2069,2171,2239,2222,2303,2293,2335,2238,2190,2132,2096,2150,2077,2054,1969,1862,1902,1906,1884,2032,2038,2674,3033,3254,3327,3389,3591,3606,3434,3500,3435,3570,3736,3666,3923,3907,4037,4092,4198,4012,4017,4245,4253,4321,4360,4482,4841,4841,4993,4664,4661,4425,4292,3941,3448,3247,3419,3037,2851,2694,2623,2448,2546,2362,2398,2383,2509,2493,2584,2751,2905,3381,3372,3745,2938,1801,2265,2809,2560,2717,2329,2191,1767,1952,1705,1750,1532,1253,1103,951,787,649,541,373,305,262,190,133,87,71,43,31,16,11,5
2022-07-01,総人口,男,1977,2136,2202,2264,2355,2404,2418,2372,2339,2371,2295,2244,2207,2162,2112,2159,1951,1944,2084,2074,2203,2198,2555,3032,3238,3523,3529,3567,3472,3640,3600,3465,3557,3666,3665,3779,3850,4126,4148,4320,4221,4143,4149,4264,4446,4478,4599,4707,4907,5055,4866,4664,4602,4612,4242,3891,3521,3693,3320,3098,2824,2654,2585,2528,2410,2203,2207,2323,2296,2398,2577,2745,2915,3085,3277,2565,1559,1779,2133,1942,1892,1799,1503,1157,1198,1046,998,807,676,577,402,291,201,160,119,84,74,42,20,15,15,4,1,3,1,1
2022-07-01,総人口,女,1917,2018,2164,2275,2237,2260,2341,2312,2248,2210,2147,2071,2168,2086,2065,1967,1881,1883,1914,1884,2055,2015,2643,3065,3280,3314,3416,3567,3675,3461,3503,3498,3628,3645,3715,3934,3881,4048,4081,4228,3996,4021,4249,4208,4343,4358,4499,4800,4825,5006,4676,4673,4459,4248,3992,3549,3192,3435,3047,2892,2677,2665,2464,2535,2343,2407,2389,2501,2462,2588,2735,2894,3328,3380,3710,3050,1820,2244,2795,2564,2704,2351,2231,1773,1941,1708,1745,1528,1263,1103,959,783,654,531,378,306,261,191,131,92,65,44,33,17,10,6
2022-08-01,総人口,男,1997,2127,2196,2239,2358,2419,2420,2378,2317,2411,2276,2250,2238,2127,2132,2142,1969,1958,2057,2113,2208,2225,2498,3065,3226,3533,3551,3562,3530,3633,3604,3464,3547,3682,3651,3827,3817,4091,4177,4312,4238,4164,4135,4267,4451,4432,4605,4726,4871,5061,4897,4673,4616,4588,4267,4038,3429,3717,3379,3086,2850,2663,2633,2496,2429,2217,2211,2309,2291,2361,2566,2729,2877,3101,3201,2703,1565,1771,2116,1944,1913,1790,1537,1165,1191,1040,985,819,673,577,406,288,218,156,114,85,76,39,19,16,13,4,1,3,1,1
2022-08-01,総人口,女,1890,2038,2121,2268,2254,2241,2350,2305,2231,2229,2180,2035,2186,2103,2055,1977,1901,1889,1898,1900,2035,2019,2628,3079,3309,3346,3429,3564,3692,3497,3478,3505,3637,3650,3725,3937,3863,4035,4097,4247,3969,4036,4221,4192,4353,4324,4491,4778,4857,4937,4730,4652,4534,4247,4006,3614,3163,3448,3088,2924,2671,2665,2490,2524,2360,2410,2379,2487,2486,2576,2685,2878,3283,3404,3668,3163,1858,2198,2786,2531,2721,2404,2240,1776,1917,1750,1727,1535,1268,1106,936,802,658,532,393,303,264,191,124,91,67,44,32,16,10,6
2022-09-01,総人口,男,1995,2114,2233,2217,2354,2404,2422,2394,2326,2390,2267,2278,2210,2164,2104,2137,1969,2001,2050,2101,2222,2213,2490,3031,3281,3486,3600,3612,3552,3606,3615,3507,3561,3645,3681,3813,3804,4026,4192,4324,4260,4111,4205,4260,4428,4445,4586,4715,4843,5069,4891,4686,4659,4557,4321,4109,3353,3741,3451,3079,2914,2649,2624,2499,2464,2217,2185,2307,2277,2361,2550,2715,2841,3079,3163,2802,1574,1763,2088,1954,1898,1812,1556,1161,1176,1059,978,817,668,585,407,299,212,159,109,88,72,39,20,15,12,5,1,3,1,1
2022-09-01,総人口,女,1917,2035,2121,2251,2242,2273,2304,2305,2251,2216,2187,2045,2198,2110,2052,1973,1897,1907,1920,1870,2040,2007,2545,3124,3306,3379,3469,3551,3726,3521,3490,3535,3627,3661,3710,3985,3866,4010,4067,4226,4023,4026,4137,4224,4329,4369,4419,4783,4772,4968,4785,4680,4559,4224,4007,3718,3100,3459,3153,2931,2685,2655,2532,2520,2368,2390,2396,2460,2522,2549,2660,2840,3278,3378,3666,3236,1890,2159,2746,2579,2690,2444,2260,1787,1889,1754,1722,1567,1269,1113,938,798,652,533,388,305,265,182,124,94,66,45,32,12,12,6
2022-10-01,総人口,男,1981,2122,2227,2221,2342,2408,2440,2380,2322,2370,2297,2251,2244,2164,2097,2154,1985,1985,2046,2104,2214,2216,2515,2976,3276,3453,3660,3633,3557,3625,3608,3507,3572,3629,3724,3779,3787,4073,4177,4289,4257,4146,4157,4282,4389,4469,4566,4724,4858,5029,4915,4736,4674,4552,4338,4165,3302,3786,3469,3071,2960,2661,2614,2476,2511,2211,2201,2273,2278,2352,2532,2680,2815,3087,3125,2863,1627,1725,2073,1975,1871,1838,1558,1188,1153,1076,962,834,686,575,420,309,201,160,111,91,73,37,24,12,12,6,1,2,2,1
2022-10-01,総人口,女,1917,2063,2109,2224,2268,2237,2311,2272,2265,2238,2212,2057,2165,2130,2036,2020,1892,1892,1897,1899,2020,2042,2509,3100,3367,3365,3498,3536,3774,3560,3476,3523,3627,3674,3727,3928,3876,4002,4095,4163,4030,4068,4102,4258,4309,4400,4366,4736,4781,5003,4800,4714,4544,4245,4004,3839,3023,3495,3167,2923,2715,2658,2548,2510,2396,2358,2425,2429,2500,2580,2665,2791,3226,3396,3617,3332,1954,2109,2698,2618,2658,2468,2274,1810,1868,1794,1672,1585,1273,1117,946,815,642,546,395,303,260,185,127,96,61,46,35,13,10,7
2022-11-01,総人口,男,1973,2120,2263,2198,2342,2375,2460,2372,2315,2410,2274,2228,2290,2156,2085,2177,1983,1987,2070,2105,2205,2230,2507,2996,3294,3453,3656,3686,3589,3599,3678,3502,3608,3563,3765,3780,3800,4031,4197,4294,4249,4165,4175,4271,4371,4488,4542,4722,4835,5038,4941,4747,4706,4514,4372,4270,3181,3877,3467,3111,2962,2685,2595,2490,2523,2153,2257,2245,2285,2342,2521,2632,2772,3109,3114,2895,1730,1669,2047,1976,1854,1847,1578,1194,1152,1080,942,844,686,570,437,308,209,156,109,92,75,37,24,12,12,6,1,2,2,1
2022-11-01,総人口,女,1896,2072,2109,2203,2265,2264,2310,2265,2279,2247,2180,2058,2187,2115,2068,2018,1908,1885,1920,1905,2005,2060,2466,3096,3386,3402,3526,3548,3758,3628,3486,3579,3572,3703,3748,3896,3854,4010,4148,4133,4059,4126,4038,4265,4281,4436,4407,4640,4803,4995,4835,4749,4532,4194,4065,3920,2955,3556,3204,2914,2747,2674,2526,2492,2436,2353,2394,2443,2504,2561,2676,2776,3150,3404,3552,3407,2056,2059,2626,2665,2656,2496,2281,1821,1858,1809,1646,1593,1286,1135,941,820,641,542,404,302,259,186,130,95,61,49,30,15,7,7
2022-12-01,総人口,男,1925,2153,2257,2203,2331,2359,2475,2381,2296,2418,2285,2233,2264,2175,2071,2183,2027,1978,2055,2111,2194,2241,2489,2985,3278,3497,3682,3674,3633,3579,3685,3485,3586,3581,3765,3743,3833,4038,4201,4263,4235,4210,4137,4293,4370,4475,4548,4713,4805,5051,4903,4774,4718,4543,4377,4351,3136,3904,3486,3094,2989,2676,2609,2467,2550,2145,2244,2242,2275,2327,2506,2623,2747,3088,3104,2955,1793,1635,1985,2014,1832,1845,1598,1221,1104,1120,929,867,689,562,441,307,219,161,106,92,69,38,25,10,13,6,2,2,1,0
2022-12-01,総人口,女,1892,2077,2090,2221,2262,2264,2302,2258,2292,2263,2148,2109,2163,2105,2077,2013,1936,1862,1946,1875,2015,2077,2397,3086,3367,3434,3574,3554,3791,3615,3540,3545,3579,3708,3730,3904,3849,3996,4166,4111,4107,4125,4034,4249,4266,4429,4399,4578,4848,4974,4878,4718,4565,4201,4101,3953,2936,3563,3246,2915,2775,2683,2531,2454,2469,2360,2407,2416,2490,2559,2646,2766,3089,3447,3504,3453,2155,2001,2562,2725,2579,2532,2286,1882,1784,1850,1618,1621,1300,1125,963,816,652,527,403,307,267,185,131,97,58,51,27,17,6,8
2023-01-01,総人口,男,1942,2161,2218,2186,2329,2355,2481,2373,2282,2413,2294,2248,2266,2162,2073,2196,2042,1987,2034,2080,2214,2237,2451,2988,3296,3491,3656,3700,3641,3615,3717,3481,3575,3608,3760,3707,3823,4077,4191,4192,4298,4220,4067,4312,4324,4480,4557,4689,4780,4987,4975,4788,4705,4512,4437,4337,3173,3939,3488,3109,2996,2677,2640,2450,2519,2198,2230,2200,2290,2322,2464,2605,2741,3040,3109,3017,1882,1583,1931,2028,1838,1857,1622,1242,1075,1124,922,908,676,558,458,306,220,158,111,94,67,35,23,11,12,6,2,2,1,0
2023-01-01,総人口,女,1855,2064,2097,2200,2263,2266,2282,2242,2296,2256,2192,2079,2148,2115,2070,2029,1968,1851,1965,1869,2011,2077,2336,3086,3400,3432,3602,3605,3792,3615,3565,3591,3523,3706,3750,3875,3830,3988,4181,4068,4130,4102,4020,4263,4277,4406,4364,4565,4839,4956,4929,4652,4618,4209,4221,3939,2938,3564,3285,2901,2807,2661,2553,2448,2468,2369,2396,2395,2481,2585,2622,2726,3070,3442,3467,3542,2248,1935,2464,2803,2518,2577,2276,1930,1745,1875,1611,1616,1322,1116,966,830,632,544,415,302,260,187,136,90,54,51,25,21,6,8
2023-02-01,総人口,男,1951,2140,2191,2209,2293,2376,2456,2383,2284,2424,2285,2269,2242,2192,2070,2210,2064,1959,2025,2123,2189,2252,2424,2972,3342,3494,3701,3672,3690,3611,3727,3498,3614,3579,3773,3705,3812,4068,4219,4155,4310,4226,4048,4283,4340,4498,4535,4683,4747,4975,4979,4777,4751,4507,4415,4321,3327,3858,3528,3102,3016,2677,2661,2441,2515,2238,2211,2193,2289,2299,2450,2574,2718,2985,3092,3092,1974,1578,1853,2024,1832,1857,1606,1268,1072,1128,920,917,688,562,463,312,227,160,112,86,76,39,17,14,10,7,3,2,1,0
2023-02-01,総人口,女,1843,2080,2084,2196,2230,2263,2274,2267,2323,2237,2159,2099,2127,2149,2112,2007,1966,1843,1966,1875,2015,2086,2305,3069,3391,3474,3626,3619,3856,3600,3576,3557,3518,3673,3824,3848,3844,3966,4155,4090,4118,4112,4010,4261,4295,4397,4371,4524,4822,4946,4958,4626,4650,4200,4303,3885,3037,3540,3303,2897,2801,2688,2556,2440,2498,2351,2400,2352,2483,2574,2599,2730,3050,3414,3401,3607,2370,1897,2396,2805,2482,2592,2285,1944,1740,1896,1608,1640,1329,1110,992,819,643,554,421,304,243,188,137,99,56,44,28,23,5,8
2023-03-01,総人口,男,1939,2145,2150,2231,2268,2361,2458,2354,2340,2398,2276,2287,2249,2184,2088,2179,2093,1939,2035,2117,2221,2259,2433,2941,3318,3509,3731,3655,3747,3627,3719,3549,3606,3558,3784,3683,3792,4058,4250,4130,4312,4212,4071,4267,4309,4494,4524,4664,4736,4956,4997,4789,4742,4513,4457,4256,3451,3804,3539,3142,3002,2706,2658,2449,2486,2271,2211,2163,2288,2280,2431,2546,2711,2942,3054,3129,2107,1540,1800,2036,1830,1832,1613,1326,1054,1125,945,895,716,544,468,327,227,158,118,86,74,43,20,13,10,6,4,2,1,0
2023-03-01,総人口,女,1862,2064,2088,2173,2217,2267,2283,2278,2344,2223,2173,2099,2146,2122,2130,2011,1982,1827,1964,1905,1997,2083,2272,3102,3376,3522,3597,3596,3867,3668,3583,3573,3551,3677,3758,3851,3877,3956,4122,4164,4099,4108,3981,4294,4255,4418,4315,4521,4818,4922,4986,4646,4654,4238,4274,3899,3136,3488,3293,2948,2787,2713,2548,2442,2493,2350,2385,2369,2463,2566,2572,2735,2969,3406,3391,3672,2462,1855,2358,2826,2438,2626,2278,1983,1706,1904,1586,1674,1339,1105,1012,809,681,551,428,310,234,189,141,93,58,41,29,25,7,8
2023-04-01,総人口,男,1925,2120,2159,2201,2257,2346,2425,2344,2367,2365,2281,2296,2241,2157,2129,2155,2123,1954,2037,2127,2247,2294,2747,3123,3484,3650,3783,3650,3726,3657,3713,3625,3538,3591,3759,3678,3832,4017,4218,4157,4313,4204,4077,4243,4311,4473,4473,4632,4760,4884,5016,4808,4695,4530,4475,4190,3607,3710,3588,3148,3024,2732,2650,2493,2462,2293,2183,2176,2272,2267,2405,2504,2722,2938,3001,3187,2180,1528,1769,2005,1828,1869,1592,1361,1044,1128,938,900,716,568,484,322,233,157,123,80,67,53,18,14,8,9,3,2,1,1
2023-04-01,総人口,女,1849,2091,2033,2168,2211,2247,2268,2272,2333,2207,2181,2104,2118,2134,2133,2025,1999,1828,2008,1939,2045,2157,2750,3207,3466,3555,3707,3592,3885,3753,3558,3612,3547,3694,3755,3784,3890,3977,4111,4136,4158,4071,4015,4277,4221,4429,4297,4493,4810,4886,4970,4663,4653,4266,4300,3901,3233,3393,3329,2982,2771,2723,2540,2470,2494,2352,2398,2336,2481,2544,2563,2745,2912,3388,3328,3682,2642,1805,2304,2828,2458,2622,2294,2010,1679,1902,1584,1660,1389,1118,973,853,687,553,443,315,232,193,147,87,63,44,30,26,7,9
2023-05-01,総人口,男,1943,2110,2145,2220,2238,2340,2410,2379,2359,2346,2325,2304,2211,2197,2117,2143,2121,1972,2037,2177,2232,2311,2848,3159,3536,3720,3796,3717,3742,3702,3698,3693,3558,3566,3786,3662,3857,3979,4195,4198,4313,4239,4102,4176,4308,4493,4435,4613,4720,4904,5030,4830,4649,4547,4531,4187,3751,3601,3601,3166,3065,2744,2631,2528,2471,2317,2166,2159,2290,2249,2384,2514,2673,2927,2987,3201,2282,1493,1750,1992,1836,1846,1607,1383,1044,1122,947,895,713,568,500,323,234,158,125,80,69,52,18,14,7,10,3,2,1,1
2023-05-01,総人口,女,1827,2074,2088,2144,2217,2253,2262,2249,2332,2208,2191,2109,2096,2167,2096,2055,1980,1874,1995,1990,2045,2207,2788,3227,3520,3589,3710,3628,3891,3794,3585,3645,3561,3665,3807,3744,3918,4008,4077,4153,4157,4039,4031,4253,4252,4369,4342,4438,4836,4857,4987,4668,4657,4348,4279,3931,3303,3337,3366,3007,2804,2661,2602,2460,2523,2350,2390,2357,2487,2493,2554,2742,2870,3386,3330,3665,2789,1767,2253,2801,2473,2624,2286,2064,1678,1867,1608,1644,1396,1156,969,851,693,544,459,319,233,199,145,93,62,44,29,24,8,9
2023-06-01,総人口,男,1957,2084,2148,2219,2250,2343,2394,2362,2384,2327,2338,2313,2211,2204,2140,2114,2151,1961,2058,2188,2224,2280,2835,3159,3590,3671,3898,3728,3749,3699,3703,3776,3498,3623,3746,3695,3855,3956,4169,4222,4308,4252,4118,4174,4261,4474,4476,4566,4752,4881,5070,4812,4639,4603,4513,4195,3853,3529,3631,3207,3051,2756,2640,2549,2471,2339,2177,2135,2297,2231,2351,2537,2647,2902,2971,3183,2390,1476,1688,2045,1818,1826,1644,1396,1029,1114,952,889,714,570,505,326,233,159,124,84,67,53,17,15,8,10,3,1,2,1
2023-06-01,総人口,女,1858,2036,2109,2157,2214,2213,2276,2249,2325,2222,2169,2125,2107,2157,2095,2072,1980,1877,1981,2013,2034,2200,2773,3198,3514,3614,3716,3693,3847,3874,3618,3672,3585,3667,3802,3720,3960,3973,4058,4136,4201,4027,4032,4244,4230,4344,4369,4451,4831,4841,4990,4677,4627,4432,4250,3953,3423,3251,3420,3012,2825,2677,2610,2437,2525,2344,2395,2356,2493,2463,2572,2725,2869,3336,3315,3683,2898,1752,2221,2745,2508,2614,2271,2107,1689,1852,1613,1635,1418,1149,983,848,690,560,454,307,240,199,142,93,58,46,27,27,8,9
2023-07-01,総人口,男,1960,2057,2167,2206,2247,2357,2389,2362,2360,2343,2358,2289,2234,2191,2153,2118,2166,1968,2045,2196,2233,2291,2814,3183,3531,3672,3935,3795,3756,3722,3761,3711,3565,3647,3707,3710,3863,3908,4184,4224,4294,4226,4150,4169,4244,4451,4482,4597,4707,4881,5037,4864,4633,4574,4597,4247,3881,3471,3635,3285,3047,2786,2606,2532,2474,2382,2151,2143,2266,2245,2336,2515,2657,2850,3006,3148,2456,1490,1694,2027,1843,1773,1679,1406,1050,1077,953,893,706,591,490,341,237,154,122,88,65,48,23,15,8,9,2,1,2,1
2023-07-01,総人口,女,1865,2028,2053,2162,2246,2229,2235,2290,2287,2238,2185,2147,2075,2182,2097,2080,1982,1894,1958,2021,2039,2186,2743,3227,3503,3647,3707,3759,3809,3936,3634,3683,3596,3693,3718,3765,3974,3957,4067,4124,4229,4001,4033,4250,4184,4366,4370,4474,4792,4823,5000,4685,4642,4473,4227,3990,3531,3193,3428,3024,2862,2664,2648,2455,2514,2323,2400,2365,2476,2433,2573,2716,2858,3291,3326,3635,3009,1777,2197,2736,2505,2607,2287,2153,1685,1848,1615,1635,1407,1161,988,854,675,568,446,317,244,195,143,91,62,46,28,23,9,9
2023-08-01,総人口,男,1938,2080,2167,2195,2219,2351,2406,2363,2371,2310,2405,2273,2242,2231,2116,2135,2147,1990,2059,2155,2239,2296,2811,3149,3579,3674,3953,3820,3796,3747,3775,3710,3576,3634,3706,3696,3911,3848,4148,4247,4303,4237,4138,4148,4255,4465,4422,4596,4717,4845,5052,4878,4641,4582,4570,4255,4031,3385,3658,3325,3036,2818,2612,2574,2444,2390,2163,2146,2250,2248,2296,2511,2643,2802,3023,3093,2575,1497,1687,2006,1846,1790,1667,1433,1059,1068,958,885,715,589,496,340,239,167,120,80,66,50,24,12,9,9,2,0,2,1
2023-08-01,総人口,女,1854,2011,2057,2132,2236,2252,2225,2293,2282,2235,2205,2171,2041,2189,2110,2068,1988,1914,1955,2011,2039,2185,2683,3251,3518,3678,3740,3747,3813,3940,3709,3658,3624,3695,3689,3780,3980,3904,4082,4107,4291,3992,4044,4219,4178,4366,4340,4461,4768,4849,4927,4742,4632,4545,4225,3999,3592,3161,3438,3067,2893,2641,2650,2481,2500,2338,2395,2362,2462,2459,2553,2669,2843,3245,3345,3604,3114,1821,2150,2714,2484,2622,2328,2164,1689,1827,1651,1613,1416,1167,1002,838,690,572,447,327,241,194,143,89,61,46,29,23,9,9
2023-09-01,総人口,男,1946,2067,2152,2217,2206,2343,2393,2365,2385,2319,2390,2266,2268,2208,2154,2109,2145,1985,2095,2157,2208,2303,2694,3173,3546,3723,3896,3855,3826,3751,3774,3724,3616,3640,3686,3727,3886,3832,4087,4254,4313,4257,4110,4201,4229,4447,4429,4589,4700,4827,5056,4879,4647,4623,4526,4304,4112,3315,3679,3397,3024,2870,2605,2557,2454,2433,2155,2121,2239,2237,2287,2503,2623,2773,2998,3064,2671,1512,1681,1974,1856,1775,1690,1442,1055,1070,970,878,715,583,496,339,254,162,127,80,63,49,23,15,8,8,3,0,1,0
2023-09-01,総人口,女,1840,2033,2052,2127,2219,2244,2247,2262,2278,2243,2201,2189,2031,2212,2121,2064,1991,1907,1966,2026,1989,2200,2586,3237,3568,3664,3796,3753,3818,3924,3746,3633,3669,3708,3660,3774,4015,3921,4049,4077,4273,4036,4054,4173,4196,4345,4398,4398,4764,4760,4966,4791,4654,4556,4216,4001,3710,3089,3447,3130,2896,2659,2624,2526,2492,2336,2377,2372,2436,2491,2525,2639,2804,3236,3329,3606,3188,1859,2107,2680,2531,2588,2373,2168,1701,1804,1648,1605,1443,1161,1011,837,700,569,448,325,244,193,141,91,65,47,27,25,8,10
2023-10-01,総人口,男,1926,2060,2138,2216,2206,2336,2385,2395,2372,2312,2379,2285,2254,2232,2146,2105,2174,1993,2089,2159,2202,2319,2656,3211,3499,3732,3899,3901,3817,3736,3817,3708,3606,3642,3654,3757,3829,3815,4106,4231,4292,4240,4138,4154,4257,4404,4444,4563,4700,4844,4997,4888,4707,4637,4511,4313,4159,3268,3724,3407,3010,2911,2611,2538,2444,2465,2154,2143,2212,2234,2279,2484,2595,2742,3010,3015,2743,1565,1649,1948,1882,1755,1704,1450,1075,1045,987,865,729,594,489,351,262,157,127,83,66,51,20,17,7,7,2,0,1,0
2023-10-01,総人口,女,1858,2022,2078,2102,2214,2249,2216,2272,2248,2253,2226,2213,2042,2178,2142,2046,2047,1904,1957,2007,1996,2195,2578,3248,3517,3739,3780,3789,3790,3955,3779,3620,3650,3735,3653,3774,3954,3928,4041,4112,4206,4051,4091,4140,4219,4308,4443,4351,4716,4763,4995,4804,4696,4542,4228,4000,3836,3007,3475,3148,2881,2680,2628,2536,2489,2367,2343,2403,2408,2474,2552,2640,2765,3181,3351,3554,3291,1921,2056,2625,2566,2573,2388,2188,1721,1782,1686,1566,1456,1166,1020,840,715,560,465,333,242,189,145,92,66,44,27,26,9,11
2023-11-01,総人口,男,1914,2058,2115,2247,2165,2331,2364,2407,2365,2300,2422,2259,2242,2278,2151,2093,2195,1994,2107,2193,2194,2324,2611,3232,3497,3765,3946,3930,3826,3725,3794,3776,3597,3664,3581,3782,3812,3846,4069,4236,4279,4217,4144,4172,4242,4378,4461,4534,4693,4824,5020,4894,4728,4671,4479,4356,4258,3142,3822,3403,3037,2917,2619,2532,2453,2480,2104,2199,2193,2235,2268,2472,2549,2701,3036,3013,2767,1658,1597,1924,1883,1731,1730,1471,1083,1033,994,861,739,595,475,354,259,168,124,80,72,50,21,17,8,5,2,0,1,0
2023-11-01,総人口,女,1836,2010,2086,2094,2213,2245,2247,2264,2241,2262,2232,2181,2044,2204,2115,2089,2041,1914,1945,2038,1984,2176,2560,3228,3491,3752,3823,3827,3774,3976,3799,3620,3670,3685,3670,3809,3925,3896,4026,4162,4164,4082,4146,4077,4237,4265,4473,4404,4630,4785,4988,4839,4733,4528,4191,4053,3910,2949,3530,3171,2873,2721,2646,2514,2471,2402,2334,2377,2419,2481,2531,2654,2746,3111,3365,3493,3366,2021,2006,2556,2602,2572,2421,2190,1735,1766,1694,1546,1461,1189,1041,831,726,550,465,341,240,189,147,92,64,47,25,25,11,10
2023-12-01,総人口,男,1892,2020,2156,2234,2182,2309,2366,2413,2372,2285,2429,2275,2251,2249,2165,2076,2199,2040,2084,2185,2196,2317,2573,3239,3451,3800,3943,4018,3764,3786,3796,3799,3559,3656,3590,3789,3790,3854,4086,4221,4255,4197,4191,4127,4243,4377,4457,4529,4680,4797,5055,4861,4749,4683,4489,4361,4338,3104,3844,3425,3009,2947,2624,2547,2427,2502,2098,2189,2189,2224,2259,2457,2542,2663,3013,3001,2830,1714,1570,1862,1916,1706,1727,1488,1116,990,1025,847,759,593,480,353,259,170,125,82,70,47,24,16,8,5,1,0,1,0
2023-12-01,総人口,女,1860,1969,2101,2075,2215,2249,2253,2258,2234,2272,2256,2152,2098,2169,2105,2090,2039,1941,1915,2063,1946,2179,2532,3218,3502,3704,3857,3859,3778,3981,3821,3654,3657,3672,3692,3807,3947,3896,4032,4159,4142,4129,4138,4070,4222,4261,4479,4398,4573,4827,4970,4866,4710,4547,4195,4089,3940,2924,3525,3208,2873,2739,2652,2512,2433,2445,2338,2389,2387,2466,2526,2625,2737,3055,3414,3456,3406,2126,1952,2487,2648,2506,2442,2197,1794,1700,1727,1525,1492,1198,1028,865,720,558,446,342,249,194,142,88,69,40,28,21,14,10
2024-01-01,総人口,男,1913,2039,2149,2199,2172,2307,2363,2417,2367,2287,2409,2288,2262,2255,2150,2075,2214,2055,2077,2182,2169,2320,2515,3243,3431,3814,3954,3996,3809,3777,3806,3804,3553,3628,3625,3787,3752,3845,4083,4203,4174,4288,4202,4057,4271,4316,4467,4554,4644,4766,4982,4942,4762,4672,4458,4430,4325,3155,3875,3424,3026,2944,2632,2580,2418,2477,2154,2181,2148,2230,2271,2401,2533,2643,2964,3009,2896,1803,1524,1822,1900,1720,1742,1511,1138,959,1021,836,796,577,480,366,263,168,117,89,68,46,24,15,8,6,1,0,1,0
2024-01-01,総人口,女,1865,1937,2096,2069,2213,2238,2259,2244,2219,2278,2259,2184,2080,2143,2114,2085,2049,1965,1894,2092,1948,2172,2470,3220,3493,3761,3836,3895,3836,3955,3827,3654,3743,3610,3682,3823,3920,3887,4028,4181,4118,4140,4111,4068,4248,4280,4437,4387,4542,4824,4949,4917,4637,4600,4203,4194,3928,2908,3530,3250,2853,2771,2626,2525,2423,2444,2347,2375,2365,2458,2559,2603,2704,3031,3409,3432,3490,2219,1889,2397,2719,2459,2489,2183,1838,1660,1752,1521,1489,1213,1015,873,728,537,460,348,245,186,145,87,68,39,30,17,16,10
2024-02-01,総人口,男,1892,2066,2144,2172,2187,2269,2377,2398,2374,2277,2418,2281,2277,2227,2180,2068,2226,2075,2036,2173,2193,2305,2468,3227,3447,3852,3982,4011,3760,3821,3795,3822,3569,3680,3615,3783,3734,3813,4055,4262,4116,4309,4190,4033,4258,4311,4503,4509,4623,4738,4960,4950,4743,4731,4443,4407,4323,3300,3797,3464,3015,2967,2628,2601,2412,2481,2191,2165,2144,2234,2252,2383,2500,2627,2899,3003,2964,1881,1522,1753,1904,1726,1735,1492,1172,959,1009,850,797,594,480,372,269,170,117,85,61,49,26,11,11,5,2,0,1,0
2024-02-01,総人口,女,1859,1937,2123,2048,2202,2212,2245,2242,2237,2299,2240,2147,2101,2123,2151,2116,2032,1961,1882,2093,1951,2184,2407,3238,3493,3781,3840,3917,3848,3988,3787,3692,3715,3644,3683,3852,3886,3901,4002,4168,4121,4115,4110,4045,4254,4297,4418,4391,4511,4800,4940,4930,4617,4622,4194,4276,3868,3015,3504,3266,2856,2768,2649,2533,2412,2460,2332,2377,2325,2463,2549,2580,2709,3006,3377,3366,3559,2344,1853,2335,2720,2419,2511,2203,1843,1650,1761,1517,1522,1213,1005,896,724,547,458,350,247,185,145,90,72,39,26,17,17,11
2024-03-01,総人口,男,1887,2044,2149,2142,2205,2253,2364,2384,2358,2324,2394,2271,2291,2229,2176,2087,2192,2104,2019,2178,2193,2333,2467,3195,3451,3866,3967,4010,3763,3856,3806,3820,3597,3662,3610,3808,3689,3815,4018,4278,4099,4300,4186,4025,4257,4279,4495,4493,4606,4734,4935,4958,4751,4718,4453,4449,4254,3420,3743,3490,3061,2951,2650,2606,2419,2456,2222,2159,2109,2238,2235,2365,2467,2632,2854,2966,3016,2005,1474,1707,1915,1727,1709,1496,1216,942,1007,871,777,624,463,382,277,176,114,87,60,47,29,13,9,5,2,0,1,0
2024-03-01,総人口,女,1833,1926,2105,2049,2174,2204,2247,2250,2235,2319,2222,2165,2092,2131,2127,2130,2024,1990,1867,2096,1967,2153,2374,3224,3535,3768,3858,3905,3822,3990,3821,3676,3730,3660,3693,3797,3882,3930,3978,4127,4172,4120,4102,4010,4286,4250,4432,4336,4505,4796,4918,4950,4643,4617,4230,4245,3881,3122,3438,3265,2897,2754,2677,2509,2422,2459,2331,2366,2343,2441,2541,2547,2710,2934,3360,3363,3614,2430,1808,2302,2732,2379,2546,2203,1889,1623,1768,1498,1550,1230,1003,907,713,577,447,355,246,184,147,96,68,41,26,18,16,13
2024-04-01,総人口,男,1868,2023,2116,2127,2184,2239,2300,2382,2333,2348,2367,2279,2278,2240,2150,2128,2156,2139,2041,2162,2229,2350,2737,3277,3647,3906,3979,4026,3762,3839,3790,3820,3672,3599,3652,3760,3652,3823,3954,4213,4114,4275,4160,4025,4216,4289,4476,4444,4563,4743,4864,4988,4748,4646,4471,4456,4183,3577,3648,3534,3066,2957,2674,2583,2470,2409,2259,2132,2121,2224,2223,2331,2435,2633,2860,2912,3074,2067,1462,1676,1879,1725,1743,1479,1256,934,1004,864,787,616,490,390,278,179,112,95,53,44,36,13,11,4,3,0,1,0
2024-04-01,総人口,女,1809,1929,2104,2001,2153,2197,2199,2240,2238,2310,2189,2183,2091,2095,2124,2140,2030,2016,1895,2102,2033,2138,2727,3288,3660,3820,3850,3982,3809,3974,3894,3651,3722,3667,3703,3806,3801,3917,3966,4095,4121,4145,4062,4006,4286,4208,4444,4292,4502,4799,4866,4935,4636,4620,4253,4274,3886,3214,3351,3297,2938,2735,2692,2505,2454,2456,2333,2377,2306,2453,2524,2526,2715,2886,3344,3299,3623,2606,1760,2241,2729,2396,2538,2216,1908,1613,1769,1498,1531,1281,1015,874,753,582,445,378,248,184,145,108,60,43,29,19,17,11
2024-05-01,総人口,男,1862,2038,2097,2118,2189,2216,2292,2370,2355,2340,2334,2336,2266,2220,2192,2125,2140,2131,2068,2187,2294,2309,2848,3303,3657,3979,4026,4014,3882,3813,3787,3790,3774,3567,3627,3787,3627,3856,3929,4159,4154,4257,4177,4061,4157,4294,4486,4402,4571,4701,4865,5005,4758,4592,4465,4502,4168,3712,3533,3552,3083,2988,2680,2567,2491,2423,2273,2110,2102,2238,2206,2302,2441,2591,2861,2892,3082,2175,1424,1661,1874,1732,1709,1491,1276,947,987,864,786,611,483,407,278,183,115,98,52,46,34,14,10,4,1,0,1,0
2024-05-01,総人口,女,1775,1927,2096,2032,2124,2207,2195,2236,2220,2312,2207,2189,2080,2081,2151,2097,2064,2002,1962,2075,2098,2112,2826,3232,3699,3878,3840,4003,3876,3964,3900,3686,3716,3671,3681,3831,3746,3967,3997,4063,4138,4147,4023,4007,4254,4246,4369,4335,4449,4808,4828,4946,4633,4606,4316,4260,3914,3278,3294,3329,2961,2765,2627,2563,2434,2487,2332,2363,2320,2453,2478,2519,2710,2847,3350,3300,3609,2744,1725,2194,2700,2410,2540,2204,1960,1611,1750,1521,1523,1282,1048,867,745,581,441,387,250,179,145,106,63,42,29,19,16,11
2024-06-01,総人口,男,1861,2046,2057,2119,2189,2233,2291,2356,2346,2359,2311,2347,2273,2218,2195,2140,2110,2151,2054,2198,2300,2325,2780,3339,3633,4011,4045,4097,3888,3811,3831,3798,3837,3526,3673,3737,3705,3801,3902,4116,4186,4254,4194,4067,4153,4244,4463,4423,4532,4709,4845,5023,4753,4586,4517,4474,4183,3821,3473,3585,3126,2973,2686,2574,2518,2411,2294,2123,2081,2248,2180,2270,2471,2564,2836,2876,3058,2297,1405,1602,1924,1724,1687,1519,1275,941,981,865,786,617,486,415,274,182,117,92,54,44,34,13,9,5,1,0,0,1
2024-06-01,総人口,女,1766,1934,2056,2057,2132,2202,2170,2256,2221,2309,2215,2167,2089,2088,2142,2092,2075,1996,1968,2072,2139,2102,2845,3216,3672,3867,3872,4010,3940,3939,3969,3717,3737,3673,3684,3780,3745,3993,3965,4038,4123,4192,4015,3991,4247,4220,4325,4357,4448,4815,4802,4940,4643,4578,4399,4233,3932,3390,3211,3369,2961,2797,2648,2565,2417,2497,2328,2377,2319,2457,2444,2537,2695,2844,3298,3297,3626,2854,1712,2169,2652,2441,2533,2180,2010,1622,1742,1516,1529,1299,1035,880,747,571,458,377,243,185,147,102,66,41,31,15,17,11
2024-07-01,総人口,男,1866,2036,2026,2148,2163,2225,2319,2356,2341,2340,2320,2363,2260,2235,2188,2147,2116,2168,2057,2178,2289,2320,2812,3309,3635,3997,4005,4129,3931,3801,3794,3833,3794,3577,3681,3696,3719,3824,3856,4100,4182,4259,4158,4102,4135,4220,4448,4437,4532,4670,4848,4988,4786,4587,4496,4532,4229,3851,3438,3581,3203,2966,2718,2545,2502,2415,2325,2085,2102,2216,2195,2260,2447,2570,2782,2906,3015,2377,1422,1604,1903,1738,1635,1548,1288,960,955,861,793,611,499,401,285,185,115,91,53,41,31,16,9,4,1,0,0,1
2024-07-01,総人口,女,1773,1932,2042,2002,2129,2229,2188,2211,2261,2276,2235,2175,2118,2053,2166,2105,2088,1992,1990,2053,2140,2119,2812,3181,3686,3868,3895,3995,3958,3931,3963,3734,3724,3659,3691,3727,3780,3986,3942,4061,4086,4218,3989,3999,4245,4169,4350,4348,4467,4774,4787,4949,4652,4594,4435,4212,3965,3489,3160,3370,2977,2836,2631,2599,2429,2488,2308,2388,2326,2439,2415,2540,2683,2826,3248,3308,3581,2957,1740,2139,2643,2440,2513,2211,2041,1620,1733,1517,1528,1293,1045,889,742,572,469,364,253,189,145,105,63,44,30,15,16,11
2024-08-01,総人口,男,1865,2032,2046,2138,2153,2199,2308,2367,2344,2343,2284,2408,2243,2233,2227,2110,2134,2152,2088,2197,2253,2345,2756,3327,3598,4037,4013,4170,3978,3842,3752,3868,3800,3594,3687,3710,3702,3864,3809,4072,4208,4276,4178,4081,4132,4218,4460,4383,4532,4693,4812,4987,4810,4592,4509,4511,4235,3985,3352,3605,3255,2949,2755,2549,2541,2384,2329,2107,2103,2203,2198,2220,2435,2563,2736,2921,2970,2492,1443,1600,1876,1739,1656,1526,1318,971,945,857,789,616,499,405,279,189,123,84,50,43,34,16,8,5,1,0,0,1
2024-08-01,総人口,女,1781,1939,2030,2013,2102,2217,2209,2198,2266,2273,2226,2202,2139,2014,2186,2117,2084,1997,2006,2060,2121,2124,2764,3168,3692,3889,3924,4044,4004,3937,3978,3777,3698,3678,3695,3710,3787,4007,3901,4057,4079,4249,3982,4010,4206,4161,4351,4322,4457,4746,4815,4883,4710,4585,4504,4207,3978,3547,3133,3375,3027,2869,2613,2596,2449,2480,2310,2385,2320,2420,2442,2528,2642,2812,3206,3317,3561,3065,1779,2093,2624,2418,2531,2248,2049,1623,1716,1549,1514,1308,1042,901,721,588,472,360,261,184,147,107,62,43,30,16,16,11
2024-09-01,総人口,男,1869,2030,2024,2124,2179,2182,2293,2350,2344,2355,2284,2394,2253,2260,2202,2145,2112,2133,2070,2242,2258,2313,2708,3269,3642,3975,4037,4110,3958,3881,3774,3818,3804,3620,3689,3707,3701,3858,3794,4014,4235,4294,4212,4045,4146,4213,4438,4392,4528,4660,4791,5002,4823,4606,4547,4459,4268,4064,3280,3625,3331,2943,2803,2545,2531,2396,2359,2099,2083,2198,2188,2218,2413,2550,2698,2907,2940,2578,1455,1595,1854,1748,1644,1555,1315,970,941,856,791,619,489,408,277,203,120,87,50,41,34,15,11,5,0,0,0,1
2024-09-01,総人口,女,1779,1924,2030,2023,2094,2195,2202,2222,2235,2263,2234,2192,2158,2009,2208,2116,2073,1997,1992,2056,2127,2091,2727,3140,3659,3920,3898,4052,3981,3991,3931,3806,3683,3704,3733,3690,3764,4017,3906,4043,4049,4231,4009,4019,4151,4177,4330,4371,4384,4747,4737,4918,4767,4616,4504,4221,3980,3648,3057,3388,3085,2874,2627,2573,2495,2475,2310,2364,2331,2397,2472,2499,2619,2783,3204,3298,3574,3123,1824,2052,2592,2469,2502,2281,2069,1624,1698,1543,1511,1334,1043,913,724,595,471,357,265,182,144,106,67,40,28,16,17,10
2024-10-01,総人口,男,1889,2004,2047,2095,2180,2169,2286,2329,2382,2334,2284,2374,2278,2245,2230,2139,2105,2163,2077,2245,2266,2303,2688,3245,3722,3946,4061,4078,3962,3917,3779,3857,3790,3626,3689,3687,3755,3785,3792,4055,4222,4262,4189,4090,4101,4243,4387,4409,4502,4663,4809,4965,4832,4662,4577,4441,4295,4103,3242,3678,3344,2946,2838,2554,2516,2382,2393,2101,2107,2167,2190,2225,2392,2517,2667,2915,2886,2651,1499,1569,1834,1767,1615,1571,1323,992,925,868,780,630,501,396,286,208,116,91,49,43,35,14,13,5,0,0,0,1
2024-10-01,総人口,女,1768,1918,2005,2034,2079,2188,2201,2198,2244,2224,2250,2210,2182,2016,2183,2130,2060,2048,1987,2056,2097,2098,2667,3175,3650,3921,3975,4032,4013,3979,3986,3838,3678,3694,3746,3693,3764,3965,3907,4047,4076,4178,4012,4079,4094,4208,4287,4412,4327,4689,4740,4952,4777,4668,4475,4233,3984,3780,2969,3429,3096,2873,2642,2581,2505,2474,2334,2334,2362,2370,2447,2524,2628,2734,3148,3317,3516,3233,1880,2005,2545,2498,2488,2297,2091,1650,1672,1583,1469,1348,1054,911,733,602,466,367,267,183,141,107,66,42,25,16,17,12
2024-11-01,総人口,男,1936,1990,2051,2084,2216,2130,2286,2305,2382,2338,2272,2416,2251,2235,2263,2143,2090,2191,2073,2237,2287,2291,2665,3226,3735,3943,4089,4116,3992,3951,3797,3835,3851,3676,3689,3648,3779,3780,3831,4029,4212,4259,4195,4099,4119,4231,4364,4406,4473,4647,4803,4980,4839,4680,4614,4415,4317,4204,3139,3767,3344,2967,2858,2571,2495,2390,2402,2065,2154,2147,2187,2222,2382,2475,2622,2932,2887,2678,1581,1516,1811,1778,1592,1594,1341,997,918,878,762,638,499,390,287,210,121,90,49,44,35,12,13,6,0,0,0,1
2024-11-01,総人口,女,1795,1885,1989,2046,2068,2171,2202,2220,2236,2219,2259,2217,2154,2019,2211,2105,2102,2034,2002,2049,2126,2120,2594,3199,3617,3937,3980,4053,4054,3986,4028,3866,3690,3725,3720,3710,3800,3937,3885,4025,4126,4147,4043,4134,4029,4220,4245,4452,4366,4601,4768,4938,4794,4711,4447,4190,4026,3862,2909,3478,3129,2862,2677,2597,2480,2450,2377,2321,2338,2386,2452,2505,2637,2712,3076,3334,3458,3299,1988,1955,2473,2539,2492,2331,2083,1660,1668,1589,1454,1343,1069,926,733,601,462,363,273,186,136,110,66,43,23,15,16,13
2024-12-01,総人口,男,1925,1968,2015,2123,2204,2142,2264,2299,2383,2349,2260,2420,2264,2236,2240,2166,2065,2201,2107,2216,2254,2313,2615,3199,3738,3907,4132,4117,4048,3891,3866,3808,3863,3661,3667,3666,3786,3766,3835,4037,4219,4226,4174,4154,4091,4231,4356,4408,4464,4644,4772,5011,4800,4699,4615,4429,4318,4280,3085,3806,3361,2944,2899,2585,2513,2366,2427,2074,2140,2146,2182,2213,2367,2468,2588,2905,2876,2738,1637,1483,1766,1805,1584,1585,1353,1020,883,910,750,658,497,394,289,211,132,87,50,45,33,14,13,7,0,0,0,1
2024-12-01,総人口,女,1751,1913,1962,2077,2037,2179,2208,2215,2229,2208,2265,2236,2130,2069,2172,2104,2096,2035,2016,2022,2170,2068,2547,3192,3588,3933,3968,4119,4059,3978,4020,3847,3715,3676,3722,3754,3796,3933,3871,4023,4140,4125,4093,4126,4021,4201,4222,4459,4361,4540,4806,4936,4806,4688,4480,4194,4049,3907,2882,3486,3162,2863,2709,2605,2480,2408,2421,2316,2353,2366,2435,2501,2612,2706,3021,3363,3419,3338,2084,1897,2415,2585,2431,2359,2099,1712,1610,1614,1434,1370,1075,910,765,597,472,357,271,192,135,108,66,45,21,17,13,14
2025-01-01,総人口,男,1936,1955,2045,2113,2167,2134,2258,2293,2382,2337,2266,2402,2278,2248,2248,2153,2065,2220,2101,2217,2251,2286,2577,3180,3729,3919,4120,4146,3992,3927,3874,3807,3856,3661,3660,3675,3780,3705,3840,4042,4200,4157,4253,4174,4018,4256,4298,4425,4481,4616,4743,4940,4881,4710,4611,4383,4394,4266,3132,3834,3354,2969,2896,2582,2543,2347,2408,2120,2133,2107,2198,2221,2315,2463,2568,2847,2891,2802,1719,1439,1724,1791,1613,1584,1375,1029,869,896,750,685,493,388,297,214,127,86,57,43,33,15,13,7,1,0,0,1
2025-01-01,総人口,女,1730,1927,1930,2069,2030,2166,2201,2228,2211,2192,2268,2242,2168,2051,2141,2112,2090,2048,2035,1999,2184,2076,2491,3176,3573,3918,4013,4070,4104,3968,4013,3849,3721,3732,3691,3722,3822,3895,3849,4026,4161,4093,4126,4075,4016,4209,4240,4419,4352,4518,4809,4916,4852,4620,4535,4200,4157,3892,2866,3494,3202,2851,2732,2592,2494,2397,2414,2326,2339,2346,2427,2538,2572,2684,2989,3362,3386,3417,2179,1844,2325,2638,2388,2402,2097,1745,1572,1636,1425,1372,1095,904,773,607,452,369,278,187,131,113,64,44,20,19,12,15
